{
    "id": 0,
    "host": "192.168.188.81",
    "port": 10000,
    "rounds": 10,
    "fireworks": 4,
    "silent_rounds_until_stop": 5,
    "timestamp": "2025-05-10 10:04:58",
    "min_round_time": 0.0024983882904052734,
    "max_round_time": 0.07506394386291504,
    "avg_round_time": 0.010608220100402832
}